{"left_eye": {"camera_matrix": [[565.63601616, 0.0,302.45664072], [0.0, 564.7179812 , 215.54188413],[0.0, 0.0, 1.0]], "distortion_coefficients": [[0.18535096, -0.54857303, -0.00682065, -0.00571749,  0.33763994]]}, "right_eye": {"camera_matrix": [[570.39635244, 0.0, 301.5981296], [0.0, 569.89276394, 214.24971323], [0.0, 0.0, 1.0]], "distortion_coefficients": [[0.1992487 , -0.57670858, -0.00896592, -0.00619258,  0.4015263]]}, "chest_cam": {"camera_matrix": [[601.70849609375, 0, 425.7778015136719], [0, 600.453125, 241.71969604492188], [0, 0, 1]], "distortion_coefficients": [[0.0, 0.0, 0.0, 0.0, 0.0]]}}