{"left_eye": {"camera_matrix": [[554.96310253, 0.0, 303.50188966], [0.0, 553.91067866, 219.47768604],[0.0, 0.0, 1.0]], "distortion_coefficients": [[0.18790818, -0.61476115, -0.0022898 , -0.00249427,  0.50005116]]}, "right_eye": {"camera_matrix": [[562.46509205, 0.0, 303.7092259], [0.0, 562.16984483, 219.40527803], [0.0, 0.0, 1.0]], "distortion_coefficients": [[0.21233714, -0.65453453, -0.00338622, -0.00387362,  0.46752842]]}, "chest_cam": {"camera_matrix": [[601.70849609375, 0, 425.7778015136719], [0, 600.453125, 241.71969604492188], [0, 0, 1]], "distortion_coefficients": [[0.0, 0.0, 0.0, 0.0, 0.0]]}}