{"left_eye": {"camera_matrix": [[561.9316122916873, 0, 309.3159784257252], [0, 562.8092944451738, 223.04996927665997], [0, 0, 1]], "distortion_coefficients": [[0.1522000042931588, -0.3601858041050566, -0.00024564520839161544, -0.001089220893836843, 0.0]]}, "right_eye": {"camera_matrix": [[571.3104215870765, 0, 306.1030582795359], [0, 571.720876021706, 222.34744451562665], [0, 0, 1]], "distortion_coefficients": [[0.15750704737249327, -0.3551571166619023, -0.0006942576474315517, -0.003040902951548155, 0.0]]}, "chest_cam": {"camera_matrix": [[601.70849609375, 0, 425.7778015136719], [0, 600.453125, 241.71969604492188], [0, 0, 1]], "distortion_coefficients": [[0.0, 0.0, 0.0, 0.0, 0.0]]}}