{"left_eye": {"camera_matrix": [[578.6719048066703, 0.0, 305.9862541334488], [0.0, 580.2801754470984, 221.9431093762504],[0.0, 0.0, 1.0]], "distortion_coefficients": [[0.1929272551611866, -0.43921405325752144, -0.0012766212816306827, -0.0027324986617280316, 0.0]]}, "right_eye": {"camera_matrix": [[583.9837293186731, 0.0, 309.18296331834307], [0.0, 584.8841679267844, 221.23122651079765], [0.0, 0.0, 1.0]], "distortion_coefficients": [[0.2345211149657533, -0.5465919935745759, -0.0013940175846722702, -0.0008426180803059475, 0.0]]}, "chest_cam": {"camera_matrix": [[601.70849609375, 0, 425.7778015136719], [0, 600.453125, 241.71969604492188], [0, 0, 1]], "distortion_coefficients": [[0.0, 0.0, 0.0, 0.0, 0.0]]}}