{"left_eye": {"camera_matrix": [[569.4456315, 0, 314.69441889], [0, 571.54490033, 201.68845842], [0, 0, 1]], "distortion_coefficients": [[0.168776, -0.09116083, -0.01948012, 0.00216001, -0.77583283]]}, "right_eye": {"camera_matrix": [[578.75956519, 0, 301.93455165], [0, 578.60434183, 218.94369822], [0, 0, 1]], "distortion_coefficients": [[0.14381283, 0.26438251, -0.00795419, -0.00634958, -1.80421517]]}}