{"left_eye": {"slope": 1.636227861861959, "backlash": 3.3891, "x_center": 411, "y_center": 235}, "right_eye": {"slope": 1.848187304493726, "backlash": 2.162, "x_center": 151, "y_center": 246}, "tilt_eyes": {"slope": 0.4260085437844884, "backlash": 0}, "affine": {"left_eye_pan": [0.6831755021269661, 0.0024674715416175275, -0.06766785146113619], "left_eye_tilt": [0.007420704455974314, 2.6905895326413645, 0.10381182138319744], "right_eye_pan": [0.6471712469018784, -0.006535138383058303, -0.25678686816356233], "right_eye_tilt": [0.009210860167965906, 2.6231089479447305, 0.6250092900744856]}, "transformations": {"T_origin_chest": [[1.0, 0.0, 0.0, 0.0], [0.0, 1.0, 0.0, 0.0], [0.0, 0.0, 1.0, 0.0], [0.0, 0.0, 0.0, 1.0]], "T_chest_left_eye": [[0.9997306269831122, 0.023148566720473482, 0.001678490613750078, -0.00622786133757085], [-0.023174231956810495, 0.99958083794667, 0.01735233076691234, -0.22118564428081075], [-0.0012761054676643287, -0.017386554248044, 0.9998480280953773, 0.022077152379873753], [0.0, 0.0, 0.0, 1.0]], "T_chest_right_eye": [[0.9962073699293092, 0.038698159486243645, -0.0779315632520448, 0.06660534315980123], [-0.03771731324934668, 0.9991901026091518, 0.014019384050850577, -0.21646810200232922], [0.07841097104220089, -0.011026844530138101, 0.9968601347831746, 0.02594421445134907], [0.0, 0.0, 0.0, 1.0]], "T_left_eye_gaze_ctr": [[0.9821666722366664, 0.0, 0.18801230796826254, 0.0], [-0.006499534895817739, 0.9994022882224288, 0.03395323757628137, 0.0], [-0.18789993079746156, -0.034569730918440164, 0.9815796196491327, 0.0], [0.0, 0.0, 0.0, 1.0]], "T_right_eye_gaze_ctr": [[0.967809281858715, 0.0, -0.2516847113912929, 0.0], [0.013970156033413656, 0.9984583217407779, 0.05371977742872152, 0.0], [0.2512966945435623, -0.05550657390426202, 0.9663172313298, 0.0], [0.0, 0.0, 0.0, 1.0]]}, "neck_pan": {"slope": 1.004925700623852}, "neck_upper_tilt": {"slope": 0.6257918531608953}, "neck_lower_tilt": {"slope": 0.44024445236412546}}