{"left_eye": {"slope": 1.6099820858746436, "backlash": 3.3891, "x_center": 360.6, "y_center": 224.7}, "right_eye": {"slope": 1.8354553157631586, "backlash": 2.162, "x_center": 222.3, "y_center": 235.9}, "tilt_eyes": {"slope": 0.41812636628054706, "backlash": 0}, "transformations": {"T_origin_chest": [[1.0, 0.0, 0.0, -0.0325], [0.0, 1.0, 0.0, 0.0], [0.0, 0.0, 1.0, 0.0], [0.0, 0.0, 0.0, 1.0]], "T_chest_left_eye": [[0.9880472250223036, 0.03092441965992675, -0.15101661889387422, 0.003950221340934867], [-0.036089393248781895, 0.9988493170197064, -0.031581432792167914, -0.19488571945212643], [0.14986619094848266, 0.03665401806508005, 0.9880263805311275, 0.008113693706282144], [0.0, 0.0, 0.0, 1.0]], "T_chest_right_eye": [[0.9898947487554116, 0.062060615849186415, 0.1275003424867875, 0.04408937533403663], [-0.05362870751047605, 0.9962060635183969, -0.06853558437278509, -0.1921703254550676], [-0.1312699701601156, 0.06100533722029526, 0.9894673905848063, 0.009187713907991968], [0.0, 0.0, 0.0, 1.0]], "T_left_eye_gaze_ctr": [[0.9947583139978718, 1.0842021724855044e-19, 0.1022540792932547, 0.0], [-0.00165805166457032, 0.9998685279645585, 0.01613002326918549, 0.0], [-0.10224063574131781, -0.01621501729838269, 0.9946275310975582, 0.0], [0.0, 0.0, 0.0, 1.0]], "T_right_eye_gaze_ctr": [[0.9904741841850846, -4.336808689942018e-19, -0.13769854924032848, 0.0], [0.005227411678201489, 0.9992791560795061, 0.037601095624686574, 0.0], [0.13759929007824773, -0.03796272151769708, 0.9897602068910086, 0.0], [0.0, 0.0, 0.0, 1.0]]}, "neck_pan": {"slope": 1.0192950638304705}, "neck_upper_tilt": {"slope": 0.6257918531608953}}