{"left_eye": {"slope": 1.630040859788308, "backlash": 3.3891, "x_center": 360.6, "y_center": 224.7}, "right_eye": {"slope": 1.8497928637746863, "backlash": 2.162, "x_center": 222.3, "y_center": 235.9}, "tilt_eyes": {"slope": 0.4334397821869433, "backlash": 0}, "transformations": {"T_origin_chest": [[1.0, 0.0, 0.0, -0.0325], [0.0, 1.0, 0.0, 0.0], [0.0, 0.0, 1.0, 0.0], [0.0, 0.0, 0.0, 1.0]], "T_chest_left_eye": [[0.9847186892723127, 0.034209154727210825, -0.1707573391792045, 0.006337083273236959], [-0.04482851651916789, 0.997266219919221, -0.058724883801222774, -0.18196257869225696], [0.16828236811563363, 0.06548232087745473, 0.9835607026455779, 0.006376202423606481], [0.0, 0.0, 0.0, 1.0]], "T_chest_right_eye": [[0.9918070835017145, 0.06568781197678332, 0.10956019863953384, 0.03988603131899899], [-0.05603693752628388, 0.994457526298498, -0.08895576724003766, -0.18713121131181074], [-0.11479594396384563, 0.08208755940744113, 0.9899913396634702, 0.008405038685038413], [0.0, 0.0, 0.0, 1.0]], "T_left_eye_gaze_ctr": [[0.9947583139978718, 1.0842021724855044e-19, 0.1022540792932547, 0.0], [-0.00165805166457032, 0.9998685279645585, 0.01613002326918549, 0.0], [-0.10224063574131781, -0.01621501729838269, 0.9946275310975582, 0.0], [0.0, 0.0, 0.0, 1.0]], "T_right_eye_gaze_ctr": [[0.9904741841850846, -4.336808689942018e-19, -0.13769854924032848, 0.0], [0.005227411678201489, 0.9992791560795061, 0.037601095624686574, 0.0], [0.13759929007824773, -0.03796272151769708, 0.9897602068910086, 0.0], [0.0, 0.0, 0.0, 1.0]]}, "neck_pan": {"slope": 1.004925700623852}, "neck_upper_tilt": {"slope": 0.6257918531608953}, "neck_lower_tilt": {"slope": 0.44024445236412546}}