{
    "left_eye": {
        "slope": 1.636227861861959,
        "backlash": 3.3891,
        "x_center": 411,
        "y_center": 235
    },
    "right_eye": {
        "slope": 1.848187304493726,
        "backlash": 2.162,
        "x_center": 151,
        "y_center": 246
    },
    "tilt_eyes": {
        "slope": 0.4260085437844884,
        "backlash": 0
    },
    "transformations": {
        "T_origin_chest": [
            [
                1.0,
                0.0,
                0.0,
                -0.0325
            ],
            [
                0.0,
                1.0,
                0.0,
                0.0
            ],
            [
                0.0,
                0.0,
                1.0,
                0.0
            ],
            [
                0.0,
                0.0,
                0.0,
                1.0
            ]
        ],
        "T_chest_left_eye": [
            [
                0.9844775611226207,
                0.03623735510643856,
                -0.17172457521373605,
                0.006849606658634866
            ],
            [
                -0.046074440866125756,
                0.9974949178626659,
                -0.05364366966517642,
                -0.1831102096454512
            ],
            [
                0.16935209241864096,
                0.06072272777552541,
                0.9836817122047321,
                0.004387637832598479
            ],
            [
                0.0,
                0.0,
                0.0,
                1.0
            ]
        ],
        "T_chest_right_eye": [
            [
                0.991688642758161,
                0.06785375005570776,
                0.10930999365938163,
                0.04008323246892638
            ],
            [
                -0.05882720520876398,
                0.9947455189841135,
                -0.08378814678696894,
                -0.18884719065173733
            ],
            [
                -0.11442103187166297,
                0.07666122736843721,
                0.9904696248858272,
                0.007606330312045717
            ],
            [
                0.0,
                0.0,
                0.0,
                1.0
            ]
        ],
        "T_left_eye_gaze_ctr": [
            [
                0.9947583139978718,
                1.0842021724855044e-19,
                0.1022540792932547,
                0.0
            ],
            [
                -0.00165805166457032,
                0.9998685279645585,
                0.01613002326918549,
                0.0
            ],
            [
                -0.10224063574131781,
                -0.01621501729838269,
                0.9946275310975582,
                0.0
            ],
            [
                0.0,
                0.0,
                0.0,
                1.0
            ]
        ],
        "T_right_eye_gaze_ctr": [
            [
                0.9904741841850846,
                -4.336808689942018e-19,
                -0.13769854924032848,
                0.0
            ],
            [
                0.005227411678201489,
                0.9992791560795061,
                0.037601095624686574,
                0.0
            ],
            [
                0.13759929007824773,
                -0.03796272151769708,
                0.9897602068910086,
                0.0
            ],
            [
                0.0,
                0.0,
                0.0,
                1.0
            ]
        ]
    },
    "neck_pan": {
        "slope": 1.004925700623852
    },
    "neck_upper_tilt": {
        "slope": 0.6257918531608953
    },
    "neck_lower_tilt": {
        "slope": 0.44024445236412546
    }
}