{
    "left_eye": {
        "slope": 1.6220,
        "backlash": 3.3891,
        "x_center": 360.6,
        "y_center": 224.7
    },
    "right_eye": {
        "slope": 1.7629,
        "backlash": 2.1620,
        "x_center": 222.3,
        "y_center": 235.9
    },
    "tilt_eyes": {
        "slope": 0.4165,
        "backlash": 0
    },
    "transformations": {
        "T_origin_chest": [[1.0, 0.0, 0.0, -0.0325],
        [0.0, 1.0, 0.0, 0.0],
        [0.0, 0.0, 1.0, 0.0],
        [0.0, 0.0, 0.0, 1.0]],
        "T_origin_depth": [[1.0, 0.0, 0.0, -0.0325],
        [0.0, 1.0, 0.0, 0.0],
        [0.0, 0.0, 1.0, -0.0042],
        [0.0, 0.0, 0.0, 1.0]],
        "T_chest_left_eye": [[0.98571428, 0.03217062, -0.16532297, 0.00559976],
        [-0.03894919, 0.99852119, -0.0379241, -0.18436625],
        [ 0.16385845, 0.04382147, 0.98550964, 0.00465464],
        [ 0.0, 0.0, 0.0, 1.0]],
        "T_chest_right_eye": [[0.98741058, 0.06273284, 0.14520491, 0.0572449],
        [-0.05311269, 0.99618712, -0.06921057, -0.18887733],
        [-0.14899302, 0.06062696, 0.98697763, 0.00720258],
        [ 0.0, 0.0,  0.0, 1.0]],
        "T_gaze_ctr_left_eye": [[ 9.94758314e-01, 1.08420217e-19, 1.02254079e-01, 0.0],
        [-1.65805166e-03, 9.99868528e-01, 1.61300233e-02, 0.0],
        [-1.02240636e-01, -1.62150173e-02, 9.94627531e-01, 0.0],
        [ 0.0, 0.0, 0.0, 1.0]],
        "T_gaze_ctr_right_eye":  [[ 9.90474184e-01, -4.33680869e-19, -1.37698549e-01, 0.0],
        [ 5.22741168e-03, 9.99279156e-01, 3.76010956e-02, 0.0],
        [ 1.37599290e-01, -3.79627215e-02, 9.89760207e-01, 0.0],
        [ 0.0, 0.0, 0.0, 1.0]]
    }
}